{
  "namespace": "sap.ui.riskmanagement",
  "definitions": {
    "sap.ui.riskmanagement.Risks": {
      "kind": "entity",
      "includes": [
        "managed"
      ],
      "elements": {
        "createdAt": {
          "@cds.on.insert": {
            "=": "$now"
          },
          "@UI.HiddenFilter": true,
          "@Core.Immutable": true,
          "@title": "{i18n>CreatedAt}",
          "@readonly": true,
          "@odata.on.insert": {
            "#": "now"
          },
          "type": "cds.Timestamp"
        },
        "createdBy": {
          "@cds.on.insert": {
            "=": "$user"
          },
          "@UI.HiddenFilter": true,
          "@Core.Immutable": true,
          "@title": "{i18n>CreatedBy}",
          "@readonly": true,
          "@odata.on.insert": {
            "#": "user"
          },
          "@description": "{i18n>UserID.Description}",
          "type": "User",
          "length": 255
        },
        "modifiedAt": {
          "@cds.on.insert": {
            "=": "$now"
          },
          "@cds.on.update": {
            "=": "$now"
          },
          "@UI.HiddenFilter": true,
          "@title": "{i18n>ChangedAt}",
          "@readonly": true,
          "@odata.on.update": {
            "#": "now"
          },
          "type": "cds.Timestamp"
        },
        "modifiedBy": {
          "@cds.on.insert": {
            "=": "$user"
          },
          "@cds.on.update": {
            "=": "$user"
          },
          "@UI.HiddenFilter": true,
          "@title": "{i18n>ChangedBy}",
          "@readonly": true,
          "@odata.on.update": {
            "#": "user"
          },
          "@description": "{i18n>UserID.Description}",
          "type": "User",
          "length": 255
        },
        "ID": {
          "@Core.Computed": true,
          "key": true,
          "type": "cds.UUID"
        },
        "title": {
          "type": "cds.String",
          "length": 100
        },
        "prio": {
          "type": "cds.String",
          "length": 5
        },
        "descr": {
          "type": "cds.String"
        },
        "miti": {
          "type": "cds.Association",
          "target": "sap.ui.riskmanagement.Mitigations",
          "keys": [
            {
              "ref": [
                "ID"
              ]
            }
          ]
        },
        "impact": {
          "type": "cds.Integer"
        },
        "criticality": {
          "type": "cds.Integer"
        }
      }
    },
    "sap.ui.riskmanagement.Mitigations": {
      "kind": "entity",
      "includes": [
        "managed"
      ],
      "elements": {
        "createdAt": {
          "@cds.on.insert": {
            "=": "$now"
          },
          "@UI.HiddenFilter": true,
          "@Core.Immutable": true,
          "@title": "{i18n>CreatedAt}",
          "@readonly": true,
          "@odata.on.insert": {
            "#": "now"
          },
          "type": "cds.Timestamp"
        },
        "createdBy": {
          "@cds.on.insert": {
            "=": "$user"
          },
          "@UI.HiddenFilter": true,
          "@Core.Immutable": true,
          "@title": "{i18n>CreatedBy}",
          "@readonly": true,
          "@odata.on.insert": {
            "#": "user"
          },
          "@description": "{i18n>UserID.Description}",
          "type": "User",
          "length": 255
        },
        "modifiedAt": {
          "@cds.on.insert": {
            "=": "$now"
          },
          "@cds.on.update": {
            "=": "$now"
          },
          "@UI.HiddenFilter": true,
          "@title": "{i18n>ChangedAt}",
          "@readonly": true,
          "@odata.on.update": {
            "#": "now"
          },
          "type": "cds.Timestamp"
        },
        "modifiedBy": {
          "@cds.on.insert": {
            "=": "$user"
          },
          "@cds.on.update": {
            "=": "$user"
          },
          "@UI.HiddenFilter": true,
          "@title": "{i18n>ChangedBy}",
          "@readonly": true,
          "@odata.on.update": {
            "#": "user"
          },
          "@description": "{i18n>UserID.Description}",
          "type": "User",
          "length": 255
        },
        "ID": {
          "@Core.Computed": true,
          "key": true,
          "type": "cds.UUID"
        },
        "description": {
          "type": "cds.String"
        },
        "owner": {
          "type": "cds.String"
        },
        "timeline": {
          "type": "cds.String"
        },
        "risks": {
          "type": "cds.Association",
          "cardinality": {
            "max": "*"
          },
          "target": "sap.ui.riskmanagement.Risks",
          "on": [
            {
              "ref": [
                "risks",
                "miti"
              ]
            },
            "=",
            {
              "ref": [
                "$self"
              ]
            }
          ]
        }
      }
    },
    "RiskService": {
      "@source": "srv/risk-service.cds",
      "kind": "service",
      "@path": "service/risk"
    },
    "RiskService.Risks": {
      "kind": "entity",
      "@restrict": [
        {
          "grant": [
            "READ"
          ],
          "to": [
            "RiskViewer"
          ]
        },
        {
          "grant": [
            "*"
          ],
          "to": [
            "RiskManager"
          ]
        }
      ],
      "@odata.draft.enabled": true,
      "@UI.HeaderInfo.TypeName": "Risk",
      "@UI.HeaderInfo.TypeNamePlural": "Risks",
      "@UI.HeaderInfo.Title.$Type": "UI.DataField",
      "@UI.HeaderInfo.Title.Value": {
        "=": "title"
      },
      "@UI.HeaderInfo.Description.$Type": "UI.DataField",
      "@UI.HeaderInfo.Description.Value": {
        "=": "descr"
      },
      "@UI.SelectionFields": [
        {
          "=": "prio"
        }
      ],
      "@UI.LineItem": [
        {
          "Value": {
            "=": "title"
          }
        },
        {
          "Value": {
            "=": "miti_ID"
          }
        },
        {
          "Value": {
            "=": "prio"
          },
          "Criticality": {
            "=": "criticality"
          }
        },
        {
          "Value": {
            "=": "impact"
          },
          "Criticality": {
            "=": "criticality"
          }
        }
      ],
      "@UI.Facets": [
        {
          "$Type": "UI.ReferenceFacet",
          "Label": "Main",
          "Target": "@UI.FieldGroup#Main"
        }
      ],
      "@UI.FieldGroup#Main.Data": [
        {
          "Value": {
            "=": "miti_ID"
          }
        },
        {
          "Value": {
            "=": "prio"
          },
          "Criticality": {
            "=": "criticality"
          }
        },
        {
          "Value": {
            "=": "impact"
          },
          "Criticality": {
            "=": "criticality"
          }
        }
      ],
      "projection": {
        "from": {
          "ref": [
            "sap.ui.riskmanagement.Risks"
          ]
        }
      },
      "elements": {
        "createdAt": {
          "@cds.on.insert": {
            "=": "$now"
          },
          "@UI.HiddenFilter": true,
          "@Core.Immutable": true,
          "@title": "{i18n>CreatedAt}",
          "@readonly": true,
          "@odata.on.insert": {
            "#": "now"
          },
          "type": "cds.Timestamp"
        },
        "createdBy": {
          "@cds.on.insert": {
            "=": "$user"
          },
          "@UI.HiddenFilter": true,
          "@Core.Immutable": true,
          "@title": "{i18n>CreatedBy}",
          "@readonly": true,
          "@odata.on.insert": {
            "#": "user"
          },
          "@description": "{i18n>UserID.Description}",
          "type": "User",
          "length": 255
        },
        "modifiedAt": {
          "@cds.on.insert": {
            "=": "$now"
          },
          "@cds.on.update": {
            "=": "$now"
          },
          "@UI.HiddenFilter": true,
          "@title": "{i18n>ChangedAt}",
          "@readonly": true,
          "@odata.on.update": {
            "#": "now"
          },
          "type": "cds.Timestamp"
        },
        "modifiedBy": {
          "@cds.on.insert": {
            "=": "$user"
          },
          "@cds.on.update": {
            "=": "$user"
          },
          "@UI.HiddenFilter": true,
          "@title": "{i18n>ChangedBy}",
          "@readonly": true,
          "@odata.on.update": {
            "#": "user"
          },
          "@description": "{i18n>UserID.Description}",
          "type": "User",
          "length": 255
        },
        "ID": {
          "@Core.Computed": true,
          "key": true,
          "type": "cds.UUID"
        },
        "title": {
          "@title": "Title",
          "type": "cds.String",
          "length": 100
        },
        "prio": {
          "@title": "Priority",
          "type": "cds.String",
          "length": 5
        },
        "descr": {
          "@title": "Description",
          "type": "cds.String"
        },
        "miti": {
          "@title": "Mitigation",
          "@Common.Text": {
            "=": "miti.description"
          },
          "@Common.TextArrangement": {
            "#": "TextOnly"
          },
          "@Common.ValueList.Label": "Mitigations",
          "@Common.ValueList.CollectionPath": "Mitigations",
          "@Common.ValueList.Parameters": [
            {
              "$Type": "Common.ValueListParameterInOut",
              "LocalDataProperty": {
                "=": "miti_ID"
              },
              "ValueListProperty": "ID"
            },
            {
              "$Type": "Common.ValueListParameterDisplayOnly",
              "ValueListProperty": "description"
            }
          ],
          "type": "cds.Association",
          "target": "RiskService.Mitigations",
          "keys": [
            {
              "ref": [
                "ID"
              ]
            }
          ]
        },
        "impact": {
          "@title": "Impact",
          "type": "cds.Integer"
        },
        "criticality": {
          "type": "cds.Integer"
        }
      }
    },
    "RiskService.Mitigations": {
      "kind": "entity",
      "@restrict": [
        {
          "grant": [
            "READ"
          ],
          "to": [
            "RiskViewer"
          ]
        },
        {
          "grant": [
            "*"
          ],
          "to": [
            "RiskManager"
          ]
        }
      ],
      "@odata.draft.enabled": true,
      "projection": {
        "from": {
          "ref": [
            "sap.ui.riskmanagement.Mitigations"
          ]
        }
      },
      "elements": {
        "createdAt": {
          "@cds.on.insert": {
            "=": "$now"
          },
          "@UI.HiddenFilter": true,
          "@Core.Immutable": true,
          "@title": "{i18n>CreatedAt}",
          "@readonly": true,
          "@odata.on.insert": {
            "#": "now"
          },
          "type": "cds.Timestamp"
        },
        "createdBy": {
          "@cds.on.insert": {
            "=": "$user"
          },
          "@UI.HiddenFilter": true,
          "@Core.Immutable": true,
          "@title": "{i18n>CreatedBy}",
          "@readonly": true,
          "@odata.on.insert": {
            "#": "user"
          },
          "@description": "{i18n>UserID.Description}",
          "type": "User",
          "length": 255
        },
        "modifiedAt": {
          "@cds.on.insert": {
            "=": "$now"
          },
          "@cds.on.update": {
            "=": "$now"
          },
          "@UI.HiddenFilter": true,
          "@title": "{i18n>ChangedAt}",
          "@readonly": true,
          "@odata.on.update": {
            "#": "now"
          },
          "type": "cds.Timestamp"
        },
        "modifiedBy": {
          "@cds.on.insert": {
            "=": "$user"
          },
          "@cds.on.update": {
            "=": "$user"
          },
          "@UI.HiddenFilter": true,
          "@title": "{i18n>ChangedBy}",
          "@readonly": true,
          "@odata.on.update": {
            "#": "user"
          },
          "@description": "{i18n>UserID.Description}",
          "type": "User",
          "length": 255
        },
        "ID": {
          "@UI.Hidden": true,
          "@Common.Text": {
            "=": "description"
          },
          "@Core.Computed": true,
          "key": true,
          "type": "cds.UUID"
        },
        "description": {
          "@title": "Description",
          "type": "cds.String"
        },
        "owner": {
          "@title": "Owner",
          "type": "cds.String"
        },
        "timeline": {
          "@title": "Timeline",
          "type": "cds.String"
        },
        "risks": {
          "@title": "Risks",
          "type": "cds.Association",
          "cardinality": {
            "max": "*"
          },
          "target": "RiskService.Risks",
          "on": [
            {
              "ref": [
                "risks",
                "miti"
              ]
            },
            "=",
            {
              "ref": [
                "$self"
              ]
            }
          ]
        }
      }
    },
    "Language": {
      "kind": "type",
      "@title": "{i18n>Language}",
      "@description": "{i18n>LanguageCode.Description}",
      "type": "cds.Association",
      "target": "sap.common.Languages",
      "keys": [
        {
          "ref": [
            "code"
          ]
        }
      ]
    },
    "Currency": {
      "kind": "type",
      "@title": "{i18n>Currency}",
      "@description": "{i18n>CurrencyCode.Description}",
      "type": "cds.Association",
      "target": "sap.common.Currencies",
      "keys": [
        {
          "ref": [
            "code"
          ]
        }
      ]
    },
    "Country": {
      "kind": "type",
      "@title": "{i18n>Country}",
      "@description": "{i18n>CountryCode.Description}",
      "type": "cds.Association",
      "target": "sap.common.Countries",
      "keys": [
        {
          "ref": [
            "code"
          ]
        }
      ]
    },
    "sap.common": {
      "kind": "context"
    },
    "sap.common.Languages": {
      "kind": "entity",
      "@cds.autoexpose": true,
      "@cds.persistence.skip": "if-unused",
      "@UI.Identification": [
        {
          "Value": {
            "=": "name"
          }
        }
      ],
      "@cds.odata.valuelist": true,
      "includes": [
        "sap.common.CodeList"
      ],
      "elements": {
        "name": {
          "@title": "{i18n>Name}",
          "localized": true,
          "type": "cds.String",
          "length": 255
        },
        "descr": {
          "@title": "{i18n>Description}",
          "localized": true,
          "type": "cds.String",
          "length": 1000
        },
        "code": {
          "@title": "{i18n>LanguageCode}",
          "@Common.Text": {
            "=": "name"
          },
          "key": true,
          "type": "cds.String",
          "length": 14
        },
        "texts": {
          "type": "cds.Composition",
          "cardinality": {
            "max": "*"
          },
          "target": "sap.common.Languages.texts",
          "on": [
            {
              "ref": [
                "texts",
                "code"
              ]
            },
            "=",
            {
              "ref": [
                "code"
              ]
            }
          ]
        },
        "localized": {
          "type": "cds.Association",
          "target": "sap.common.Languages.texts",
          "on": [
            {
              "ref": [
                "localized",
                "code"
              ]
            },
            "=",
            {
              "ref": [
                "code"
              ]
            },
            "and",
            {
              "ref": [
                "localized",
                "locale"
              ]
            },
            "=",
            {
              "ref": [
                "$user",
                "locale"
              ]
            }
          ]
        }
      }
    },
    "sap.common.Countries": {
      "kind": "entity",
      "@cds.autoexpose": true,
      "@cds.persistence.skip": "if-unused",
      "@UI.Identification": [
        {
          "Value": {
            "=": "name"
          }
        }
      ],
      "@cds.odata.valuelist": true,
      "includes": [
        "sap.common.CodeList"
      ],
      "elements": {
        "name": {
          "@title": "{i18n>Name}",
          "localized": true,
          "type": "cds.String",
          "length": 255
        },
        "descr": {
          "@title": "{i18n>Description}",
          "localized": true,
          "type": "cds.String",
          "length": 1000
        },
        "code": {
          "@title": "{i18n>CountryCode}",
          "@Common.Text": {
            "=": "name"
          },
          "key": true,
          "type": "cds.String",
          "length": 3
        },
        "texts": {
          "type": "cds.Composition",
          "cardinality": {
            "max": "*"
          },
          "target": "sap.common.Countries.texts",
          "on": [
            {
              "ref": [
                "texts",
                "code"
              ]
            },
            "=",
            {
              "ref": [
                "code"
              ]
            }
          ]
        },
        "localized": {
          "type": "cds.Association",
          "target": "sap.common.Countries.texts",
          "on": [
            {
              "ref": [
                "localized",
                "code"
              ]
            },
            "=",
            {
              "ref": [
                "code"
              ]
            },
            "and",
            {
              "ref": [
                "localized",
                "locale"
              ]
            },
            "=",
            {
              "ref": [
                "$user",
                "locale"
              ]
            }
          ]
        }
      }
    },
    "sap.common.Currencies": {
      "kind": "entity",
      "@cds.autoexpose": true,
      "@cds.persistence.skip": "if-unused",
      "@UI.Identification": [
        {
          "Value": {
            "=": "name"
          }
        }
      ],
      "@cds.odata.valuelist": true,
      "includes": [
        "sap.common.CodeList"
      ],
      "elements": {
        "name": {
          "@title": "{i18n>Name}",
          "localized": true,
          "type": "cds.String",
          "length": 255
        },
        "descr": {
          "@title": "{i18n>Description}",
          "localized": true,
          "type": "cds.String",
          "length": 1000
        },
        "code": {
          "@title": "{i18n>CurrencyCode}",
          "@Common.Text": {
            "=": "name"
          },
          "key": true,
          "type": "cds.String",
          "length": 3
        },
        "symbol": {
          "@title": "{i18n>CurrencySymbol}",
          "type": "cds.String",
          "length": 5
        },
        "texts": {
          "type": "cds.Composition",
          "cardinality": {
            "max": "*"
          },
          "target": "sap.common.Currencies.texts",
          "on": [
            {
              "ref": [
                "texts",
                "code"
              ]
            },
            "=",
            {
              "ref": [
                "code"
              ]
            }
          ]
        },
        "localized": {
          "type": "cds.Association",
          "target": "sap.common.Currencies.texts",
          "on": [
            {
              "ref": [
                "localized",
                "code"
              ]
            },
            "=",
            {
              "ref": [
                "code"
              ]
            },
            "and",
            {
              "ref": [
                "localized",
                "locale"
              ]
            },
            "=",
            {
              "ref": [
                "$user",
                "locale"
              ]
            }
          ]
        }
      }
    },
    "sap.common.CodeList": {
      "kind": "aspect",
      "@cds.autoexpose": true,
      "@cds.persistence.skip": "if-unused",
      "@UI.Identification": [
        {
          "Value": {
            "=": "name"
          }
        }
      ],
      "@cds.odata.valuelist": true,
      "elements": {
        "name": {
          "@title": "{i18n>Name}",
          "localized": true,
          "type": "cds.String",
          "length": 255
        },
        "descr": {
          "@title": "{i18n>Description}",
          "localized": true,
          "type": "cds.String",
          "length": 1000
        }
      }
    },
    "cuid": {
      "kind": "aspect",
      "elements": {
        "ID": {
          "key": true,
          "type": "cds.UUID"
        }
      }
    },
    "managed": {
      "kind": "aspect",
      "elements": {
        "createdAt": {
          "@cds.on.insert": {
            "=": "$now"
          },
          "@UI.HiddenFilter": true,
          "@Core.Immutable": true,
          "@title": "{i18n>CreatedAt}",
          "@readonly": true,
          "@odata.on.insert": {
            "#": "now"
          },
          "type": "cds.Timestamp"
        },
        "createdBy": {
          "@cds.on.insert": {
            "=": "$user"
          },
          "@UI.HiddenFilter": true,
          "@Core.Immutable": true,
          "@title": "{i18n>CreatedBy}",
          "@readonly": true,
          "@odata.on.insert": {
            "#": "user"
          },
          "@description": "{i18n>UserID.Description}",
          "type": "User",
          "length": 255
        },
        "modifiedAt": {
          "@cds.on.insert": {
            "=": "$now"
          },
          "@cds.on.update": {
            "=": "$now"
          },
          "@UI.HiddenFilter": true,
          "@title": "{i18n>ChangedAt}",
          "@readonly": true,
          "@odata.on.update": {
            "#": "now"
          },
          "type": "cds.Timestamp"
        },
        "modifiedBy": {
          "@cds.on.insert": {
            "=": "$user"
          },
          "@cds.on.update": {
            "=": "$user"
          },
          "@UI.HiddenFilter": true,
          "@title": "{i18n>ChangedBy}",
          "@readonly": true,
          "@odata.on.update": {
            "#": "user"
          },
          "@description": "{i18n>UserID.Description}",
          "type": "User",
          "length": 255
        }
      }
    },
    "temporal": {
      "kind": "aspect",
      "elements": {
        "validFrom": {
          "@cds.valid.from": true,
          "type": "cds.Timestamp"
        },
        "validTo": {
          "@cds.valid.to": true,
          "type": "cds.Timestamp"
        }
      }
    },
    "User": {
      "kind": "type",
      "@title": "{i18n>UserID}",
      "@description": "{i18n>UserID.Description}",
      "type": "cds.String",
      "length": 255
    },
    "extensible": {
      "kind": "aspect",
      "elements": {
        "extensions__": {
          "@cds.api.ignore": true,
          "type": "cds.String"
        }
      }
    },
    "sap.common.Languages.texts": {
      "kind": "entity",
      "@odata.draft.enabled": false,
      "elements": {
        "locale": {
          "key": true,
          "type": "cds.String",
          "length": 14
        },
        "name": {
          "@title": "{i18n>Name}",
          "localized": null,
          "type": "cds.String",
          "length": 255
        },
        "descr": {
          "@title": "{i18n>Description}",
          "localized": null,
          "type": "cds.String",
          "length": 1000
        },
        "code": {
          "@odata.containment.ignore": true,
          "@title": "{i18n>LanguageCode}",
          "@Common.Text": {
            "=": "name"
          },
          "key": true,
          "type": "cds.String",
          "length": 14
        }
      }
    },
    "sap.common.Countries.texts": {
      "kind": "entity",
      "@odata.draft.enabled": false,
      "elements": {
        "locale": {
          "key": true,
          "type": "cds.String",
          "length": 14
        },
        "name": {
          "@title": "{i18n>Name}",
          "localized": null,
          "type": "cds.String",
          "length": 255
        },
        "descr": {
          "@title": "{i18n>Description}",
          "localized": null,
          "type": "cds.String",
          "length": 1000
        },
        "code": {
          "@odata.containment.ignore": true,
          "@title": "{i18n>CountryCode}",
          "@Common.Text": {
            "=": "name"
          },
          "key": true,
          "type": "cds.String",
          "length": 3
        }
      }
    },
    "sap.common.Currencies.texts": {
      "kind": "entity",
      "@odata.draft.enabled": false,
      "elements": {
        "locale": {
          "key": true,
          "type": "cds.String",
          "length": 14
        },
        "name": {
          "@title": "{i18n>Name}",
          "localized": null,
          "type": "cds.String",
          "length": 255
        },
        "descr": {
          "@title": "{i18n>Description}",
          "localized": null,
          "type": "cds.String",
          "length": 1000
        },
        "code": {
          "@odata.containment.ignore": true,
          "@title": "{i18n>CurrencyCode}",
          "@Common.Text": {
            "=": "name"
          },
          "key": true,
          "type": "cds.String",
          "length": 3
        }
      }
    }
  },
  "meta": {
    "creator": "CDS Compiler v2.15.2",
    "flavor": "inferred"
  },
  "$version": "2.0"
}